Number of Arriving Flights (arr_flights),Carrier Delay Count (carrier_ct),Weather Delay Count (weather_ct),NAS Delay Count (nas_ct),Security Delay Count (security_ct),Late Aircraft Delay Count (late_aircraft_ct),Cancel Ratio (0-1),Divert Ratio (0-1),Carrier Name,Airport Name,output,timestamp
1,3,1,7,5,4,1,1,AirTran Airways Corporation,"Aberdeen, SD: Aberdeen Regional","✅ Delay Likely: YES
⏱ Expected Average Delay: 220.14 minutes",2025-09-26 00:06:34.792089
225,32,16,25,1,27,0.13,0.01,AirTran Airways Corporation,"Aberdeen, SD: Aberdeen Regional","✅ Delay Likely: YES
⏱ Expected Average Delay: 20.54 minutes",2025-09-26 20:24:12.944254
